<?xml version="1.0" encoding="UTF-8"?>
<project-private xmlns="http://www.netbeans.org/ns/project-private/1">
    <editor-bookmarks xmlns="http://www.netbeans.org/ns/editor-bookmarks/2" lastBookmarkId="0"/>
    <open-files xmlns="http://www.netbeans.org/ns/projectui-open-files/2">
        <group>
            <file>file:/home/keanan/Desktop/kabelo%20Work/kabelo_kgobane_cv/KabeloKgobane_CV/public_html/css/style_2.css</file>
            <file>file:/home/keanan/Desktop/kabelo%20Work/kabelo_kgobane_cv/KabeloKgobane_CV/public_html/Social.html</file>
            <file>file:/home/keanan/Desktop/kabelo%20Work/kabelo_kgobane_cv/KabeloKgobane_CV/public_html/Work.html</file>
            <file>file:/home/keanan/Desktop/kabelo%20Work/kabelo_kgobane_cv/KabeloKgobane_CV/public_html/index.html</file>
        </group>
    </open-files>
</project-private>
